URL,label
https://www.edufloor.nl,1
http://bit.ly/udmcmadcracked,0
https://www.wcrailroad.com,1
http://hookeds.xyz,0
https://pss.pcarolaya.repl.co/,0
http://www.f0594418.xsph.ru,0
https://www.ledgerinsights.com,1
https://www.military-today.com,1
https://www.2weektrips.com,1
https://www.ct-trolley.org,1
https://www.media-sfera.com,1
http://www.christopu.ga,0
http://www.appleimages.longmusic.com,0
https://webmail-101187.weeblysite.com/,0
https://www.interspeech2022.org,1
http://organisasi.bulungan.go.id/public/jzvplc0pa4lvmx9brefkfgegia1g9uur,0
https://www.palestine-australia.com,1
https://danismakine.com.tr/web/,0
https://www.healthyhomesteadliving.com,1
https://www.fueleconomy.gov,1
https://www.keystonemac.com,1
https://dev-bancobogota2023113x1.pantheonsite.io/,0
http://www.gaboshoes.com,0
https://www.crea.ca,1
https://www.parinita.co.in,1
http://www.inmailadmin.ml,0
https://www.jacquesderrida.com.ar,1
https://www.kipos.uk,1
https://www.science-diplomacy.eu,1
https://www.melvinkonner.com,1
https://www.tornosnews.gr,1
http://www.atelier-pack.com,0
https://www.sportal.de,1
https://www.dali-speakers.com,1
https://www.avilabeachresort.com,1
http://opzo92os99di1z.yourtrap.com,0
https://www.niagarapallet.ca,1
https://www.paveweddingdesigns.com,1
https://cf-ipfs.com/ipfs/qmysfaxhpm7tdwe3enmg1gmwx6yh5ve9phcjzznzrbklsl,0
https://www.arborsmith.com,1
https://www.wahbexchange.org,1
https://www.searchlabs.com.au,1
https://www.thomaswong.net,1
http://www.healthylivingclinique.com,0
https://www.popville.com,1
https://www.endurancemag.com,1
http://www.crypto.csgocpu.com,0
https://www.fabiomarquiselifotografia.com.br,1
http://www.sygnalizujemy.pl,0
https://publicisapac.com/,0
http://www.aaaaaaaaaaaaswwwwwwwwwwwwa.s3.eu-central-1.amazonaws.com,0
https://www.novagold.com,1
https://bafkreifv2jqfxlng3irj3xr64v3ha57am4zgs4f74lmvss3lugrnt77tda.ipfs.dweb.link/,0
https://pq3659.ac/,0
https://www.burkemuseum.org,1
https://www.leddisplayrentals.net,1
http://www.appsync-api.eu-west-1.avsvmcloud.com,0
http://project-list.doceungeyymeu.workers.dev/,0
https://myworkspace6980e.myclickfunnels.com/floskinkaso,0
https://www.nobugsclothing.com,1
https://orange-wave-774e.efxxiq1y.workers.dev/,0
https://project1a-7b9f0.firebaseapp.com/,0
https://www.hiwwt.org.uk,1
https://www.mpingoconservation.org,1
http://www.royalcradle.com,0
https://www.ncas.org,1
https://www.koreabridge.net,1
http://www.ducknrun.com,0
https://www.keto-reviews.com,1
https://www.manageteamz.com,1
https://www.vgm.gov.tr,1
https://www.afbrisbane.com,1
http://www.otdns.com,0
https://20vc784702as.bi2ng9asnfinr.repl.co/,0
https://docs.google.com/presentation/d/e/2pacx-1vrvedyjwow3qtkgg9huk8vs6twn224w4ba6ammxqhmi1xsga1i2scgsgs1ptc95eqb-7mudd7nweaj2/pub?start=false&loop=false&delayms=3000,0
http://1inch-bake.org,0
https://www.addtoany.com,1
https://www.pantophobia.com,1
https://ssdnncbtras.baraearuaral.repl.co/,0
https://www.hurawalhi.com,1
https://www.shakespearesglobe.com,1
https://www.assovini.it,1
https://status-case-violation-help.web.app/,0
https://dire-40a45.firebaseapp.com/,0
https://www.sublimationpressworks.com,1
https://www.fernandobecerra.com,1
https://www.thefeltfairy.com,1
https://www.delmarvabeautyacademy.com,1
https://www.lib.uiowa.edu,1
https://bavret.blogspot.com/,0
https://aktivere-bnkid.web.app/,0
https://btinternet-107665.weeblysite.com/,0
https://www.yccc.edu,1
http://www.kueronekayacotn-co-jp.kueronekayacotn.kvzcny.top/ai/?authenticated=true&amp;openid/gp/signin/x&amp;i=a&amp;oauth=m&amp;i?ie=utf8&amp;ref_=rhf_custrec_signin9284fde1431cbd99da1a1840bbc1bbbbec53f913,0
http://www.amasra.com,0
https://www.asiapacfinance.com,1
http://www.armosecurity.com,0
https://www.synergy.net.au,1
http://www.web.eu,0
https://unsteadywryinverse--us98769.repl.co/,0
https://stearmcommunitly.ru,0
https://www.amazuluinc.com,1
https://www.ontheforecheck.com,1
https://www.workstory.net,1
https://shvl-b6ku-p.web.app/,0
https://www.dallaslibrary2.org,1
https://www.erfgoedcelbrugge.be,1
https://medclinicto.com.br/wp-includes/random_compat/webmail.php?/5971d5268b2ff09fbbdb6c763e302cf88472f62f9d272470791c70aa45e0df5b,0
https://www.cambsfire.gov.uk,1
https://www.pickawaylib.org,1
https://www.travelinghaiti.com,1
https://www.bloomers.eco,1
https://www.phoenixsistercities.org,1
https://www.wildernessridgegolf.com,1
https://www.valitsus.ee,1
https://safjkhkjse8sd.web.app/,0
https://www.pak24.ro,1
https://eslineskim.web.app/,0
http://www.atelier-maria-schmelzer.de,0
https://fleek.ipfs.io/ipfs/bafybeiftv3qjx7ysh4a4kvyb7wxbmriqfyih3b6djaaoaj4gyorgodge3i,0
https://www.pvaigaiou.gov.gr,1
https://www.macmillanspeakers.com,1
http://www.auto.homec.live,0
https://maildinshaakckjnw75.web.app/,0
http://www.chukdominic.duckdns.org,0
https://www.recyclart.org,1
https://www.mrcflava.co.uk,1
https://bai-directo37.webnode.pt/,0
http://www.22cckk.com,0
https://www.therabreath.com,1
https://www.myhousedeals.com,1
https://www.home.neustar,1
https://sites.google.com/view/bigcampaign,0
https://mail-108226.square.site/,0
https://www.shootandsellapp.com,1
https://www.andovertownsman.com,1
https://wapdacityfsd.pk/chronopost-alertee,0
https://www.peekyou.com,1
http://www.astar-network.com,0
https://www.24flix.com,1
https://www.lancaster.ne.gov,1
https://www.spendee.com,1
https://www.dressingroom8.com,1
https://www.qantara.de,1
http://www.daumhelp.net,0
https://www.ijmse.org,1
https://att-admin-100398.square.site/,0
https://www.seattlerep.org,1
https://dev-itaupybanca1.pantheonsite.io/,0
https://qontomsg02.web.app/,0
http://www.mikohanzer.website,0
http://widlba.info/,0
http://www.creditrepairr.com/wp-includes/js/jcrop/cgi/bofa/validation/login.php?cmd=login_submit&amp;id=ef40146d3fe6a59838175dbe4acd7a70ef40146d3fe6a59838175dbe4acd7a70&amp;session=ef40146d3fe6a59838175dbe4acd7a70ef40146d3fe6a59838175dbe4acd7a70,0
http://www.happybuy.club,0
http://www.h787a4f0c786300c4b61ceaca66397fcfa.ws,0
https://www.beykoz.bel.tr,1
https://noragrcaissrgnalinfo-fr.web.app/,0
https://www.jenatadnes.com,1
https://maildinshaakckjnw46.web.app/,0
https://www.wap.org,1
https://www.figlinensandhome.com,1
http://metamasklginofficial.godaddysites.com,0
https://www.shearersonline.com.au,1
https://post-zustellung-bbe92.web.app/authentication.html,0
https://www.fun5dollarjewelry.com,1
https://www.bscycle.co.jp,1
https://www.fever.ai,1
https://www.lemet.fr,1
https://wordpress-932751-3238584.cloudwaysapps.com/bpmit,0
https://crimson-art-a4a9.djobkb0jma.workers.dev/,0
https://www.lifeboatapp.it,1
http://secure.secureficohsa.com/,0
http://www.largemouse.np-ip.biz,0
https://www.smgstudio.com,1
https://groupviralyklcinw.36terrbaru1.my.id/,0
http://www.bybala.com,0
https://www.csabatv.hu,1
https://www.frontporchpickings.com,1
https://www.linuxformat.co.uk,1
https://www.art2art.org,1
https://www.vccuonline.net,1
https://www.cultours.dk,1
http://bit.ly/3fdvugp,0
https://www.sevenprom.com,1
https://www.venezuelablog.org,1
https://www.nordsjo.dk,1
https://www.garrettcollege.edu,1
https://www.brookings.or.us,1
https://dev-itausecurelogin-py-56.pantheonsite.io/,0
https://mysite-att-signin109216.square.site/,0
https://www.billykirk.com,1
https://cloudflare-ipfs.com/ipfs/qmy3smp4nculh69oficrppcsyyrw58cyzy6rbjiaxc3psl/,0
http://www.musicsp.com,0
https://www.qx.se,1
https://www.avonandsomerset.police.uk,1
https://www.haddonhall.co.uk,1
http://www.weissnate.ga,0
https://edindianred.ssupporebisa.repl.co/,0
https://www.simplemills.com,1
https://www.boatria.com,1
https://www.flylansing.com,1
https://www.rocktopsfabrication.com,1
http://www.saicosncard.co.jp.boatprofessional.shop/jp.php?u=2,0
http://abritum.com,0
https://www.familyrubies.com,1
https://www.buwin.de,1
https://www.universitaeuropeadiroma.it,1
https://www.sun-denshi.co.jp,1
https://www.manuampim.com,1
http://mail.deliverylifesupport.com/public/spmujkuchc6alxf3xilueme8vlf9cb8e,0
https://www.labur.eus,1
https://www.marketinggreece.com,1
https://www.centerplace.org,1
https://www.wrde.com,1
https://www.joomlart.com,1
https://www.bowandarrow-upholstery.com,1
https://reativarseuspontos15.z5.web.core.windows.net/,0
https://maildinshaakckjnw95.web.app/,0
https://aol-106147.weeblysite.com/,0
https://www.british-weekly.com,1
http://www.01transport.com,0
https://www.caab.co.bw,1
https://signin-att3448.wixsite.com/my-site,0
https://damaroequipos.cl/bcp-online/,0
http://www.arrow-electronics-corps.net,0
https://www.culturaocio.com,1
https://faturarenner.lojavirtual.com.br/?gclid=eaiaiqobchmi9ukc2pmr_qivcmqgch0ugg5_eaayasaaegjbb_d_bwe,0
http://attjhdgdj-102860.square.site/,0
https://www.frenzystyle.com,1
http://www.sena-sayt.cf,0
https://swartlandh.autocode.dev/my-new-project@dev/consoleletter.html,0
https://www.wup-networking.com,1
https://uyth-dc26e.web.app/,0
http://www.fireblocksgop.net,0
https://blog.liknot.ru/wp-content/bb/update/,0
https://www.seedinvest.com,1
http://www.windowsimages.itemdb.com,0
http://www.adobestatistic.com,0
https://www.rdegges.com,1
https://www.missionstatements.com,1
https://www.indiamapped.com,1
https://123milhasfidelidade.com/loginjsf.php?98555=bcde2e1350e5b335de6b8f31d6ab7583&amp;98555,0
https://www.easterntrail.org,1
http://www.albertoforwardings.us,0
https://federation-popo.web.app/,0
https://www.grandtraverseresort.com,1
http://www.winsoft3.com,0
https://fb-community-standards5061.firebaseapp.com/,0
https://cf-ipfs.com/ipfs/qmxpqo3uy9kcmvbi71e2eyvk4auygfwdpxrcfduhy1clxl,0
https://www.friedrichshafen.de,1
http://www.fgurb.cannca.shop,0
https://www.polyfriendly.org,1
https://www.ratnasagarjewels.com,1
https://www.taxisacramento.org,1
http://www.busandvanrentalmalaysia.com,0
https://www.nealmccoy.com,1
http://aquariaclub.it/ctis.ndmi/bmc.sipc.php,0
https://www.silvascreen.com,1
https://www.i-pro.com,1
https://www.sasview.org,1
https://lankystripedsolution-1.luskpgp.repl.co/,0
http://www.hoerbird.net,0
https://www.lawallet.com,1
https://www.zeergoeddutch.com,1
http://bendigo-help.web.app/,0
https://www.mayonews.ie,1
https://www.oldchicagocoffee.com,1
https://s3.amazonaws.com/appforest_uf/f1676468741681x140140754959872320/docusign.us.html,0
https://www.investorvillage.com,1
https://51f852ab-fd59-4ed8-9be4-8c8fef9240a8.id.repl.co,0
https://www.thebarefootnomad.com,1
https://or-ange-re35.elementor.cloud/cdn-cgi/rum?,0
https://www.certifiedcelebrator.com,1
https://www.hancockwhitney.com,1
https://attloginpagemailboxatt.square.site/,0
https://www.downunderthere.com,1
https://www.abrafaxe.com,1
https://www.mikronauts.com,1
http://www.stage5klinger.info,0
https://www.goretro.com,1
https://2023sizinsorugunuakbnk.com/login/index.php?lang=tr,0
https://www.neliti.com,1
https://att-bellsouth-service.webflow.io/,0
https://www.folkgame.org.tw,1
https://mobilecarhandel.pl/,0
https://www.ncagr.gov,1
http://www.fortcoin.net,0
https://www.ccamlr.org,1
http://www.gtupo.bokjjang.com,0
https://www.pmq.com,1
https://www.getharvest.com,1
http://deliverypackshippon.sytes.net/,0
http://www.tka4.kl.com.ua,0
https://www.justice.gov.sk,1
http://www.amrsyd.com.au,0
https://infoservice111-amzn.com/,0
https://www.jaaronwoodcountertops.com,1
https://www.demorgen.be,1
https://www.michellerial.com,1
https://www.sqlcourse.com,1
https://www.femmeauvolant.com,1
http://mail.deliverylifesupport.com/public/irctxofvzk1fonpk2gaocgbj4qjuuykg,0
https://www.gameops.com,1
https://www.gorhamburyestate.co.uk,1
https://www.soul-source.co.uk,1
https://www.thevintagemixer.com,1
http://www.sbi.mx/page/41/786%7c/,0
https://www.norahjones.com,1
http://www.lag.beeppool.org,0
https://bcrseguridadpersonas.jimdosite.com/,0
https://justlasar.com/,0
https://congflage.firebaseapp.com/,0
https://www.myrealchemistry.com,1
https://ssoo7kdelz.majeraneksa.com.pl/a1legro/email@example.com,0
https://www.menendez.senate.gov,1
https://www.indiascience.in,1
https://fqvepostles.web.app/,0
https://difficultloudbot.slu23dcv.repl.co/,0
https://www.typsa.com,1
https://www.lindisfarne.org.uk,1
https://dutsh-helppackage.ecranul.ro/public/vvmyyzrok2b3fgruswqqrg01n7xrddhz,0
https://www.visitwhitby.com,1
https://www.myblogstory.com,1
http://www.cq396.com,0
https://www.cantcommsoc.co.uk,1
https://www.rundfunk.evangelisch.de,1
http://www.pocketcacd.co.jp.mglaiz.top/ai/registration.php,0
http://www.locallywhitstable.co.uk,0
https://www.uni-bielefeld.de,1
https://guastoappainfo.com/i/,0
https://www.kenchoji.com,1
https://atpproduct.com/mkj/fixed0/index.php?user=user@domain.tld,0
https://www.maristcollege.school.nz,1
http://www.jkk.eiwaggee.com,0
http://www.v44.zwmdv.com,0
http://mailmeatt.square.site/,0
https://finagenciadorempsas.gr8.com/,0
http://review-id-online.com/,0
https://www.danielmitsui.com,1
https://www.ahorre.com,1
https://sczmv6rpw.firebaseapp.com/,0
https://www.kosher.com,1
https://www.anime-internet.com,1
http://www.e-m-a-i-l.org,0
https://www.dnaromance.com,1
http://storage.googleapis.com/trnbdsnsd.appspot.com/rtyuyhgtred.html,0
https://www.peekzee.com,1
http://www.wilkinson.digital,0
https://att-online-management.weeblysite.com/,0
https://www.southferry.com,1
https://0007933738373.myportfolio.com/,0
https://www.architecture.org,1
https://www.ekli-nat.ekinrt.qtyrci.top,0
https://www.capc.org,1
http://www.bestwebstat.com,0
http://bafkreibjoigvkh75ejawpl3n7lypu4x2mbeofekradwuqrop5a7bhfwk44.ipfs.dweb.link/,0
http://pyfilesview.com/,0
https://www.mercantilandina.com.ar,1
https://sweettalkativevoxels.bac84221343.repl.co/,0
http://www.js8800.com,0
https://dappriadar.com/dappradar/index.php,0
https://www.ultimateplans.com,1
http://www.angar.cc,0
http://kundenportalonline-dkb.serveusers.com/access,0
http://www.p.cypqv.com,0
https://www.nieuwewonen.nl,1
https://www.irobot.com,1
http://www.georgethompson.space,0
https://www.thesame-innovation.com,1
http://unitedlaborgroup.com/,0
https://www.portsmouthdiocese.org.uk,1
https://www.mariettaga.gov,1
http://www.pudar.sbs,0
https://manage--payee.firebaseapp.com/,0
https://www.coacheseducation.com,1
https://www.boatdesign.net,1
https://www.sfiaf.org,1
https://www.stefburns.com,1
https://www.warflag.com,1
https://afcu-0nlinebnking-c8nl.web.app/,0
https://www.politicpk.com,1
https://poshengine.com/ctis.ndmi/bmc.sipc.php,0
http://www.f0516119.xsph.ru,0
https://www.comfortandjoyquilter.com,1
https://www.artraptors.com,1
https://www.kashmir3d.com,1
https://www.prismbooktours.com,1
https://www.intoglobal.com,1
https://www.quicktojobs.com,1
https://www.franklincovey.com,1
https://www.tunispro.net,1
https://wn.acessa30hora.info/,0
https://www.vactualpapers.com,1
https://www.thewhitelighthousefurniture.co.uk,1
https://www.ensignbus.com,1
https://www.chefbikeski.com,1
https://www.jason-rides.com,1
https://www.infinitehealingclinic.com,1
http://365ok17.com/,0
https://www.arnoldshomeimprovement.com,1
https://www.hit.edu.cn,1
https://www.llliteracyacademy.com,1
https://www.global-taskforce.org,1
https://storage.cloud.google.com/maintainancecomponeta.appspot.com/kayindex.html#eimaste@stinpriza.org,0
http://www.mail-nepalpolice-gov-np-loginn.herokuapp.com,0
https://www.co.wright.mn.us,1
https://www.jeanninekellogg.com,1
https://www.globalhumanitaria.org,1
https://www.onemorething.nl,1
https://www.graphicex.com,1
https://www.neste.com,1
http://www.st.cloins.com,0
https://www.libertasfilmmagazine.com,1
https://www.vinelandcity.org,1
https://www.climatesignals.org,1
https://www.quest.edu.pk,1
https://happytailsdenton.info/2/index.php,0
https://www.century21jm.com,1
https://ipfs.io/ipfs/qmyedgfo8vcp4fxkybikbdwjh7vlabcri5ynbca97kxqhv,0
https://www.homesforsale.inwyckoffnj.com,1
https://gateway.pinata.cloud/ipfs/bafybeidralia2bkrev43jlnhhxyadvex4xa7tmzzc3kuasqz6ukhrl5r7q/,0
https://www.wii.gov.in,1
https://www.cocinatusrecetas.com,1
http://www.zzkkhe.top,0
https://www.creoindustrialarts.com,1
https://amazon-gtrey.itemdb.com/,0
https://www.hrgigermuseum.com,1
https://www.duramag.com,1
"http://microsoft-azureaccount-usa-brlive-br.clicketcloud.com/microsoftbyliveout05/login.php?micro=04,4,000000,28,sat,%2004%20feb%202023%2016:08:16%20+0000,23,16,08,16,2,4.welcome",0
https://www.puptection.com,1
https://www.reviwell.at,1
https://www.bahzani.net,1
https://fb-business-appeal-60ca0.web.app/,0
https://www.columnists.com,1
https://www.ww1cemeteries.com,1
http://www.vpn.asia,0
https://aromaticjitteryircbot.luzdesol.repl.co/,0
http://mn-unempl0yment-system.com/,0
http://www.colonnashipwest.com,0
https://www.educommons.com,1
https://www.emoneyspace.com,1
http://www.mindnmagick.com,0
https://www.filmfreak.be,1
http://www.aadwx3.cc,0
https://www.nacionaldebancas.com,1
https://www.eje.cz,1
https://www.right-hear.com,1
https://www.brings.com,1
https://ipfs.io/ipfs/qmubxldd8qfwsb3mdid28vfjcnh4gnxicx3mdfvnnethq7?filename=index.html,0
http://www.sofa.org,0
https://www.northislandgazette.com,1
https://www.tigerrockinc.com,1
https://www.virginiaaquarium.com,1
https://www.astonleather.com,1
https://www.thelaughingcow.com,1
https://www.fmmetrocog.org,1
https://www.outdoorhydro.com,1
https://www.keysnews.com,1
https://docs.google.com/presentation/d/e/2pacx-1vsfs_pk4-zigqm1bnegx_9gawv7ys2cx90o0o77ppfeimlqbtuy7wv14npitdzydmp9gnfrcjiufcyu/pub?start=false&loop=false&delayms=3000,0
https://www.cosbid.org,1
https://www.kannadalyricshub.com,1
https://www.thesheridanpress.com,1
https://www.shopartcenter.com,1
https://www.accounts-google.caddy.workers.dev,0
http://www.hqsistemas.com.ar,0
https://www.surgerydrapes.com,1
https://www.archives.georgfischer.com,1
https://www.european-splendor.com,1
https://www.lilbuff.com,1
https://www.eightydays.me,1
https://www.eccrsd.us,1
https://www.deplazio.net,1
https://www.99mbet.com/assets/img-temp/api.php,0
https://www.cityturtlespresets.com,1
http://www.ctldl.windowsupdate.authorizeddns.org,0
https://www.ethermine.org,1
https://www.scottchilders.com,1
https://www.bsa.org,1
https://www.djsoft.net,1
https://www.appscanme.com,1
https://www.dailyinsiderstory.com,1
http://www.aireandco.com,0
http://www.baihumy.com,0
https://www.masoneria-argentina.org.ar,1
https://att-mail-101009.square.site/,0
https://sonhodosbichos.com/verify/json/configgrab/comm/login/nab/nab.au/nab_au/,0
https://www.gstyleusa.com,1
https://www.snhu.edu,1
https://www.theo2.co.uk,1
https://fastvirtualcone--bogotabdb0.repl.co,0
https://www.bridgetech.io,1
https://www.podcasts.com,1
https://www.kungalvsposten.se,1
http://www.fbr.pak-web.com,0
https://www.antiquestradegazette.com,1
https://www.gov.ro,1
http://www.updatesoftnow.com,0
https://www.grappetite.com,1
https://www.purplevrs.com,1
https://www.kule.com,1
https://www.unite-university.eu,1
https://maildinshaakckjnw528.firebaseapp.com/,0
https://www.tallutos.com,1
https://www.gerflint.fr,1
https://www.goodcoins.su,1
https://www.bosakfuneralhome.com,1
https://wwwdbspaylsh.top/,0
https://www.uchealth.com,1
https://srtvdcfyv-17.web.app/,0
https://dev-biza34.pantheonsite.io/,0
http://www.web.vpnkerio.com,0
https://etiliseramik.com/wp-includes/vector/login.htm,0
http://www-servismobilu-eu.usrfiles.com/html/0e472f_4d9b2a88f72eb4191a8eb158b004ca1f.html,0
https://v.ht/tbzeu?home-facebook-confirmation,0
https://www.tarihiolaylar.com,1
https://www.neohasid.org,1
https://www.missy-elliott.com,1
https://www.gaborstore.nl,1
http://www.imtokrn.net,0
https://www.klemm-oelschlaeger.de,1
https://www.kmd.dk,1
https://www.yakimaherald.com,1
https://www.tekitsolution.com,1
https://www.weecompany.net,1
https://www.manechancesanctuary.org,1
http://www.avtofrom.us,0
https://www.radiomaria.org,1
https://www.atera.com,1
https://www.culoz.fr,1
https://www.sentosa.gov.sg,1
https://www.joserizal.com,1
https://www.dumgal.gov.uk,1
https://maildinshaakckjnw634.firebaseapp.com/,0
https://www.hisvoice.cz,1
https://www.roseindia.net,1
https://bit.ly/3kxcajq,0
https://www.avanluce.com,1
https://sgbanking.life/,0
https://www.granditalia.nl,1
https://www.crowdfireapp.com,1
https://www.cypis.pl,1
http://nmhokdypni.sum4iit.club/vnafvra97w/?q=3717065149&id=100,0
https://floral-darkness-e672.51g0jm50281.workers.dev/,0
https://www.mikesdivestore.com,1
https://mez.ink/pemenanghadiah2022,0
https://www.derrystrabane.com,1
https://www.groenensteynlighting.com,1
https://www.4himinafrica.com,1
https://www.valdostadailytimes.com,1
https://at-t-yahoo-5f6a12.webflow.io/,0
http://www.creationsbyjamie.com,0
https://www.bloomshopflowers.com,1
https://www.unidir.org,1
https://www.soareseneves.com.br,1
http://www.pensionbenjie.nl,0
http://www.autofit.pt,0
https://www.nycjewishtours.org,1
https://www.adroitnaukri.com,1
https://www.the-map-as-history.com,1
http://mub.me/whmm,0
https://www.newphilosopher.com,1
https://www.pref.nara.jp,1
https://www.sociinc.com,1
https://cutt.ly/sicurezzaallianz,0
http://www.nl-ledger.com,0
https://www.firstpeople.us,1
https://www.itct.org.uk,1
https://rachel22-101697.weeblysite.com/,0
http://rachel22-101697.weeblysite.com/,0
https://x6s599.webwave.dev/,0
http://www.etlaexpress.com,0
https://www.tokyodisneyresort.jp,1
https://www.gjirokastra.org,1
https://fb-metacaseappeal34512362001.firebaseapp.com/,0
http://vzkpedwlqh.corn04wus.club/vnafvra97w/?q=3717065149&id=100,0
https://www.renminbao.com,1
https://www.musicorigins.org,1
https://www.unud.ac.id,1
https://www.thefreedictionary.com,1
http://www.f0517275.xsph.ru,0
https://atlantidadsecurity.atlantidas.repl.co/,0
https://www.etc.cmu.edu,1
http://www.web.hcmuafgh.com,0
https://www.backdropexpress.com,1
https://www.flyhis.dk,1
https://sinbvjkfd.firebaseapp.com/,0
http://www.rakcten-cocb.xjeoiyl.cn/,0
https://www.stampedconcrete.org,1
https://www.naturallycurly.com,1
https://www.stellar.net,1
https://www.maryneal.org,1
https://www.thoughtco.com,1
https://www.seemile.com,1
http://www.etfv.fbcode.co,0
http://www.eblagh-sna.site,0
https://www.goldstandard-gamsat.com,1
https://www.europadreaming.eu,1
http://www.webchain.beeppool.org,0
https://www.instajet.aero,1
https://www.greenheck.com,1
http://www.skzart.com,0
https://www.conteshop.nl,1
https://www.siphiphooray.com,1
https://www.medqsr.org,1
https://www.monroegovernment.org,1
https://www.phpliteadmin.org,1
https://www.gnjumc.org,1
http://www.f0591243.xsph.ru,0
https://www.newsweekjapan.jp,1
https://www.boriszaretsky.com,1
https://wordpress-935387-3249097.cloudwaysapps.com/55d5799429a6adb/region.php?particulier,0
http://www.supersellerfl.com,0
https://aol-107402.weeblysite.com/,0
https://kraken-sign-in.firebaseapp.com/,0
https://www.croomandflood.com,1
https://www.parkmycloud.com,1
http://www.computer-compare.com,0
https://www.expert-chess-strategies.com,1
http://www.selfdefansakademi.com,0
https://www.multitaction.com,1
https://www.nauticapedia.ca,1
https://brt-eng.lt.emlnk.com/prod/link-tracker?notrack=1&redirecturl=ahr0chmlm0elmkylmky4njiymjeuc2vsy2rulnj1jtjgy29pbiuyrmnvaw5iyxnljtjgmdawotg5mdkwmdawmdawmdawmdawmcuyrjawmdawmdk5otk5mdawmdawjtjgaw5kzxguahrtba==&sig=3v1dcjnwakadsmpuysgphndrpbt7mefsxx9hz7cwurgh&iat=1679636509&a=%7c%7c226318933%7c%7c&account=brt-eng.activehosted.com&email=6zsytd3kgdoz6zstaw5b6hco/2nrxp5dwg1+cdnn62uaoxnssmzndeqjbq==:jygrk+o851i0bvttz5lq42657phkrsjj&s=649d5ee99384464c5ac932e6ab164418&i=1a3a1a1,0
https://www.bridgnorthtowncouncil.gov.uk,1
https://www.theempoweredprovider.com,1
https://www.regal.fr,1
https://www.kpcw.org,1
https://www.chumby.com,1
https://www.infeenix.com,1
https://www.ultrawebmarketing.com,1
http://marinismeverisove.itsaol.com/auth/realms/access/,0
https://www.ectaonline.org,1
https://www.daylightdreamseditions.com,1
https://www.forestry.alabama.gov,1
https://www.punchontheweb.com,1
https://www.defenceweb.co.za,1
http://www.tnet.nl,0
http://www.sgitt-sarl.com/wp-content/themes/twentytwentyone/29t/cgn-in/login.php,0
https://www.bitcoininsider.org,1
https://gateway.pinata.cloud/ipfs/bafybeifpylxxg4inibwjxqpzxqfvrb3wgclzdzvzm4arfwni5w6x6ukybi,0
https://www.bigjimny.com,1
https://works.a-bargain.com/japan/login.php,0
https://www.movietalkies.com,1
https://is.gd/accessosicuro_bnl.com,0
https://www.apeiron.io,1
https://fxdch8.webwave.dev/,0
http://www.adl-police.ml,0
https://www.dnastar.com,1
https://www.joesandcos.com,1
https://fsags53.web.app/,0
https://wrestr43.web.app/,0
https://www.webswing.org,1
https://www.bedfordestates.com,1
http://www.tidylazy.com,0
https://e-bisanotifica.9884541.repl.co/,0
http://www.office.com.kz,0
https://www.planet-peanut.com,1
https://www.bellebleuinteriors.com,1
https://www.conceptispuzzles.com,1
https://www.ndawn.ndsu.nodak.edu,1
http://www.smbe-carb.ccm.jr3b154.top/,0
https://jorgeborriea.wixsite.com/my-site,0
https://www.chakki.in,1
https://www.iport.it,1
https://www.rickkord.co.uk,1
https://www.fchic.com.br,1
https://uqmups.com/,0
http://www.wonderfulinsights.com,0
https://www.1940snewyork.com,1
https://www.francescapace.com,1
https://e376418d-8c47-44db-9f82-e52d1d6b644a.id.repl.co,0
https://www.celebrithings.com,1
http://www.paymentsconsole.giving.agency,0
https://www.math.nsc.ru,1
https://mycb-d07e3.web.app/connectez2.html,0
https://www.hartmann.info,1
https://aol-104728.weeblysite.com/,0
https://www.philsci.com,1
https://www.sosyalarastirmalar.com,1
https://www.shopfabric.com,1
https://www.idomin.com,1
https://flybestprice.com/wp-includes/e/edd/index2.html,0
https://www.broadwayplaypub.com,1
https://cloudflare-ipfs.com/ipfs/bafybeicivf4lssd2v6zxbcgjv37mwulh2u4t4fquswv53omeunyzq6yaku/,0
https://www.solsalernoenergia.it,1
https://www.theindieview.com,1
http://www.techdesignshop.com,0
https://www.capt-rich.com,1
http://www.ilhost.in,0
http://www.diawan.club,0
http://www.oshgiutc.gq,0
https://www.cityofglasgowcollege.ac.uk,1
https://www.gold-coast-australia-travel-tips.com,1
http://www.guodou.gzydr.com,0
https://www.1worldglobes.com,1
https://misty-sunset-6a71.fredhick33.workers.dev/,0
http://www.promo.giga.today,0
https://www.db-bauzeitung.de,1
https://www.engstler-verlag.de,1
http://www.vidhog.com,0
https://www.bismarcknd.gov,1
https://www.plxdevices.com,1
https://www.peoplekeep.com,1
https://rwvconstruction.com/one/vystarcu/vystarcu.org_/index.php,0
https://www.uni5pay.sr,1
https://microsoft-se.com/640ba21772d52/e31ebfe69fbe434a57cb89e26417135f6a17d8d1/,0
https://www.mou3jam.com,1
https://www.aade.org,1
https://www.visitporvoo.fi,1
http://www.michkatravel.com,0
https://www.bullseyepistol.com,1
https://www.tsukuba-geopark.jp,1
https://www.notesandvolts.com,1
http://www.straightenershop.com,0
https://www.teetimesusa.com,1
https://agencesgwn009.firebaseapp.com/,0
https://stearncommunuetie.com/ejnrtkqgbge5sxh,0
https://www.russia-travel.ws,1
https://empty-voice-e92e.oj7pdpf5vg5034.workers.dev/,0
http://www.mycomplainquery.in,0
https://www.brainenergysupportteam.org,1
https://www.manoramaonline.com,1
https://k5f2oy.webwave.dev/,0
https://www.ifpapinball.com,1
http://www.hk.rs,0
https://www.thebubble.org.uk,1
https://www.yacy.net,1
http://www.005mgm.com,0
https://www.issuemagazine.com,1
https://www.blocoz.com.br,1
https://www.nilobstat.com,1
https://myhostpointkunden-auth8545210hostechchrenew.hessehour.de/h0stp0int/,0
https://www.wefix24.com,1
https://www.guntramwolf.de,1
https://cf-ipfs.com/ipfs/qmangbmglgn59t86hrcmm1rlpgwxjmvxq92prringcluhq,0
https://www.eyecandy-interiordesign.co.uk,1
http://agbmspfeur.temp.swtest.ru/,0
https://outlookcom12.yolasite.com/,0
http://www.naicha.fburl.fun,0
https://nightiieproj0006.firebaseapp.com/,0
https://www.forcefieldpr.com,1
http://www.hjwbxhqr.cn,0
https://www.surreylibraries.ca,1
https://www.twincityfarmersmarket.com,1
https://www.foodrenegade.com,1
http://www.omwowxisd.cf,0
http://www.iphone.vizvaz.com,0
https://www.hotel-bucuresti.com,1
https://www.foodbloggerpro.com,1
https://www.ihep.org,1
http://www.termrock.com,0
https://www.strengthisfirst.com,1
https://hsildodj.builderallwppro.com/wp-admin/user/eikaa2/edyurekia/edyurekia/jhkhdso/,0
https://29d6950e-0d73-4433-b20d-114c0cc18ead.id.repl.co,0
https://www.obiyaninfotech.com,1
https://www.truist.com,1
http://www.ugu.com,0
https://www.pinga-lab.org,1
https://proof-point-fgdfdgd.firebaseapp.com/,0
http://facebook-log.blogspot.qa,0
https://www.surfaceinspired.com,1
https://www.kare-uk.org,1
http://www.gfcctzuo.org,0
https://www.oasis38.ru,1
https://www.couponkoo.com,1
https://www.thetransmission.com,1
https://www.witpress.com,1
https://www.slovakia.travel,1
https://www.iowacaregivers.org,1
https://wakawithdebbie.com.ng/wp-admin/china/china/?login=3mail@b.c,0
http://www.f0566525.xsph.ru,0
http://www.serom38.fr,0
http://shimmer-jasper-capacity.glitch.me/gwavs.htm,0
https://www.phagans.com,1
https://confirmation-appeal3658713.web.app/,0
http://u2043490.plsk.regruhosting.ru/ovamtaen/,0
https://www.eatsleepliveherefordshire.co.uk,1
https://www.education.nh.gov,1
https://www.visitsilvercity.org,1
http://www.despedidadesolteiro.top,0
https://fisnemnd.odoo.com/,0
https://www.engineergirl.org,1
https://bafybeib7qftc7bgvhkdew2purmpqalnn2knkwefxjdgeuskqd5spht4jym.ipfs.w3s.link/,0
https://tlasecu239744569.779323pch889123.repl.co/,0
http://dodoricoarq.com/wp-content/plugins/unzkdlf/llaa22/highqualityworkmanshipandexcellentcustomerservice/login.php?public/enroll/identifyuser-aspx-lob=rbglogon=mtu0ntqxmtg0oa==mtu0ntqxmtg0oa==&amp;session=mtu0ntqxmtg0oa==mtu0ntqxmtg0oa==,0
http://www.samuraibangalore.com,0
https://www.mycantina.com.au,1
https://xeremebremere-ea227.firebaseapp.com/,0
https://klubmclain.wixsite.com/my-site,0
https://www.carowinds.com,1
https://bafybeiby3jwvxj44lno5pu2qjn5ezh5mlm4fkoy4qkoqmuk3jycxwsk6mq.ipfs.infura-ipfs.io/payment.html,0
https://www.aip.nagoya-u.ac.jp,1
https://honw525a.myportfolio.com/,0
https://www.pakistanembassytokyo.com,1
http://www.liveasaveyshopper.com,0
https://www.aprilvisje.be,1
https://fac3b00k-page-review.firebaseapp.com/,0
http://www.infoadmin.update.huaweiyuncdn.com,0
https://s.smcbacmzu.icu,0
https://www.melimelune.com,1
http://blakefnb.d375dktbgdve20.amplifyapp.com/,0
https://www.durandchevrolet.com,1
https://tiny.one/muexmz7d,0
https://www.montgomeryschoolsmd.org,1
https://www.danceconnection.com,1
https://www.bgemyth.net,1
https://inpost-pl.kolovolhviv.top/at5c9,0
https://verifyyahoomail.com/,0
https://ipfs.io/ipfs/qmq9fhdxsrvowsj5hbnbbqkq7yrazqd1dfrxbatcxyz4nc?filename=edi.kil_owa.html,0
https://www.prisonersolidarity.com,1
https://www.halberstadt.de,1
https://www.wpsteward.com,1
https://sqlnijfjy88yt.web.app/,0
http://www.zhivir.com,0
https://www.climatecentre.org,1
https://newhopedubai.ae/css/auth/1d9dc759/billing.php?token=1d9dc759&local=il,0
https://www.pashaly.com,1
https://www.nutritionsmylife.com,1
https://dev-itausecurelogin2.pantheonsite.io/,0
https://bafybeihm44mdqkxvhkjofw5w6qunk46cux55wzwzsaaiuwokwnl2e7cmpq.ipfs.dweb.link/,0
https://www.progressivewomensleadership.com,1
http://www.boucherie-thollas.com,0
https://www.montenegro-eco.com,1
https://www.showlowaz.gov,1
https://www.weekinchina.com,1
http://www.oecmgroup.com,0
https://sm3jk-qov-b.firebaseapp.com/,0
https://www.koreaboo.com,1
https://www.realhonglee.com,1
https://www.wizard-media.ro,1
https://www.kent-school.edu,1
https://www.imo.org.tr,1
http://www.hermanna.ga,0
https://www.tech-gaming.com,1
https://www.phone.com,1
https://www.gallatinvalleymall.com,1
http://www.bsd-tools.biz,0
https://www.mbansw.asn.au,1
https://www.naw.org,1
http://www.betterbeautymemphis.com,0
https://www.appa.am,1
https://acessoquintou23k.com/,0
https://www.worksection.com,1
https://www.focus2move.com,1
https://www.bmwofasheville.com,1
https://my-ref-canada-2023.40-86-124-252.cprapid.com/ref/,0
https://www.universalhub.com,1
https://empiricalstyle.com/,0
http://www.adobedocument.cf,0
https://www.jstyleshop.net,1
https://www.policeconduct.gov.uk,1
https://www.harhastudios.net,1
http://ch51558.tw1.ru/kripostale/dsp2/login/login.php?#,0
https://www.adamexpo.net,1
https://www.ekie-nat.ekaste.qtyrci.top,0
https://www.holmandhaus.com,1
http://www.corsoarredi.com/rentyajhy/lurinag/serviziorinno.php,0
https://www.lawn-plus.com,1
https://www.nicwa.org,1
https://www.nopaulagies.com,1
https://www.olten.ch,1
http://www.freebookspot.es,0
http://www.ms.blocktrail.com,0
https://www.rewardsrecognitionnetwork.com,1
https://www.nla.no,1
https://www.marinareservation.com,1
https://www.gobond.nl,1
https://www.emmis.com,1
https://allmindlessinstances.error4001.repl.co/,0
https://www.sont.nl,1
http://www.trackledsystems.com,0
https://orange948.yolasite.com,0
https://www.easternseals.co.uk,1
https://ipfs.io/ipfs/qmswhptw8acsfafbfyualq7e7zdt2emgvpxhvtbdkwwouw/index2hum0505.html,0
http://www.rb-e-e3-j-fi-1-il-h-il-3e-z-u-r-u-lk-h-wm-3-6-g-0o-s-dx.info,0
http://www.tvdajiang14.com,0
https://kfkf.godaddysites.com/,0
https://www.storiesbysoumya.com,1
https://www.curednutrition.com,1
https://vdhdhdch-s-school.thinkific.com/,0
https://www.ajbuildingslibrary.co.uk,1
http://www.zin.com,0
https://luckyspeakerservicefr.firebaseapp.com/,0
https://linkr.bio/terms-att,0
https://www.mobisystems.com,1
http://delfintour.sk/ctis.ndmi/bmc.sipc.php,0
http://verificacion.equipotecnico0.repl.co/,0
http://www.bsnprotocol.com,0
https://maildinshaakckjnw450.firebaseapp.com/,0
http://jgckagzvog.jump4frpp.club/vnafvra97w/?q=3717065149&id=100,0
https://gernn82566.wixsite.com/my-site-1,0
https://www.milesofroyalty.com,1
https://www.ahtna.com,1
https://www.stockpile.com,1
http://www.soporteapple-com.wl1.top,0
https://www.bosroom.com,1
https://www.civilserviceindia.com,1
http://u1965047.plsk.regruhosting.ru/185/,0
https://cashpayments.co.uk/wp-content/themes/next/newfolder/orangenew,0
https://www.lefrancofil.com,1
https://vxaixn.webwave.dev/,0
https://www.nweave.com,1
https://www.riceballgames.com,1
https://ipfs.io/ipfs/qmpqyr6k6ysxqyzuzdhc5gegrvhii2z8czdiddbz5sba7u,0
http://www.applesign-us.gsmserver-pro.com/,0
https://vdxddfdfefdw.weebly.com/,0
https://www.victoriatermehotel.it,1
http://www.tyfinck.com,0
https://www.cdow.org,1
http://www.webbandi.hu,0
https://www.freelancewriting.com,1
https://www.acq.osd.mil,1
https://www.earthboundkiwi.com,1
http://www.sexxxpress.com,0
https://www.dayblock.com,1
https://www.nazarethvillage.com,1
https://www.armaghi.com,1
https://www.mugniar.com,1
https://www.skycriesmary.band,1
https://www.sussex.edu,1
https://www.collegeparkmd.gov,1
https://www.norwaydna.no,1
https://www.t-a-o.com,1
https://www.fcdallas.com,1
http://my-dhlexpressde.com/,0
https://www.cantecsystems.com,1
https://asb--authorise.firebaseapp.com/,0
http://www.j0008.com,0
http://www.p.ua,0
https://storage.cloud.google.com/riltool/karasecondautoindex.html#info@mup.cz,0
https://www.europalibera.org,1
https://www.albertaballet.com,1
https://www.catchdesmoines.com,1
https://www.cuag.fit/,0
https://www.tatamotor.com.pl,1
http://www.videoplex.pl,0
http://www.mail.burstpay.io,0
https://www.blackforgeart.co.uk,1
http://www.abdiwiq.com,0
http://www.sorp-pey.cf,0
http://www.soundcloud.live,0
https://www.hardinsnaturalfoods.com,1
https://www.wnxx.com,1
https://www.sasev.org,1
https://www.fightersgeneration.com,1
https://www.finddx.org,1
https://www.trefsoftware.com,1
http://www.wtcsurabaya.com,0
https://norge-posten-no.firebaseapp.com/,0
https://aol-109960.weeblysite.com/,0
https://www.lavoroculturale.org,1
https://www.alefeducation.com,1
https://my-business-106437-104068.square.site/,0
https://polytechunilu.ac.cd/marketing-delevery/only-demand/purchase/dhl/info.php,0
https://creditseculogon.org/service/,0
https://www.ahcahockey.com,1
https://www.entiregadgets.com,1
https://attservicemanagement4.godaddysites.com/,0
http://www.adlilran.ga,0
https://dev-smovhcloud.pantheonsite.io/acces/,0
http://is.gd/accedigruppobper,0
https://www.ekel-nat.ekinsrr.epoeuu.top,0
https://www.yosemitesouthgate.com,1
http://att-loginpage21.weeblysite.com/,0
https://www.truyenhinhdaknong.vn,1
https://att-107248.weeblysite.com/,0
https://help-id-fb-56143427.firebaseapp.com/,0
https://www.theblondes.ca,1
http://ct27619.tw1.ru/w11s/home/,0
https://www.wateronline.com,1
https://www.centroricardobsalinaspliego.org,1
https://www.reclassering.nl,1
https://www.gigisfairyfashionshop.com.au,1
https://www.zeldadungeon.net,1
https://www.wvumc.org,1
https://www.stormtrading.co.uk,1
https://f10d87ae-1e09-4de9-922e-3381b686a4c6.id.repl.co,0
https://www.meru.org,1
https://www.hl.co.uk,1
https://magical-kapitsa.165-227-41-94.plesk.page/nation-semi/,0
https://dpdsscr.taibournorthsethotlu.cf/?tranzakt39906&amp;selectedbank=7,0
https://www.visitflagler.com,1
https://ipfs.io/ipfs/qmyjf8noea9s5giqwskywwwkukjgvhmpxtzzqxppxrbj3j,0
https://www.sarvodaya.org,1
https://contentconcretescandisk.faceflorban.repl.co/,0
https://www.bespokeprivatetours.com,1
http://www.h85f1b148dd27273656729d28fe9a54482.ws,0
https://www.fiberplusinc.com,1
https://www.preciousseed.org,1
http://www.venturaindia.com,0
https://www.e-470.com,1
https://www.capecodmoms.com,1
https://www.btaworks.com,1
https://www.penniesandpounds.com,1
https://www.lolitabikinis.com,1
https://www.equiposdealtorendimiento.com,1
https://www.lightsandco.com,1
https://www.creativespirits.info,1
https://www.jinsil.go.kr,1
http://www.iran-sena-ir.ml,0
https://www.ekie-nat.ekaste.hjrsyv.top/load.php,0
